campaign,scaffold,pos_1based,scaffold_aa,role,avgfp_pos,current_constraint,n_aa_90,family_alphabet_90,covered_mass,scaffold_aa_in_alphabet
conventional24,mTagBFP2,43,Q,editable,42,none,6,QLFHIM,0.905,True
conventional24,mTagBFP2,45,M,editable,44,none,8,LMAIVGNS,0.938,True
conventional24,mTagBFP2,63,A,editable,61,none,7,SVTAGMI,0.936,True
conventional24,mTagBFP2,64,T,editable,62,none,5,TPHSA,0.911,True
conventional24,mTagBFP2,65,S,editable,63,none,8,TSAVQCLN,0.914,True
conventional24,mTagBFP2,66,F,editable,64,none,5,FLIMC,0.936,True
conventional24,mTagBFP2,67,L,editable,65,none,9,QGMSTACWH,0.919,False
conventional24,mTagBFP2,68,Y,editable,66,aromatic,1,Y,0.911,True
conventional24,mTagBFP2,69,G,fixed,67,fixed,1,G,0.998,True
conventional24,mTagBFP2,70,S,editable,68,none,7,NSFVAME,0.912,True
conventional24,mTagBFP2,71,K,editable,69,hbond,6,RKQYHP,0.917,True
conventional24,mTagBFP2,94,W,editable,94,hbond,6,WQYNVT,0.916,True
conventional24,mTagBFP2,96,R,fixed,96,fixed,1,R,0.991,True
conventional24,mTagBFP2,110,Q,editable,110,hbond,7,AQHSNFG,0.922,True
conventional24,mTagBFP2,112,T,editable,112,none,5,IVYTS,0.956,True
conventional24,mTagBFP2,147,F,editable,147,none,5,SNTCP,0.904,False
conventional24,mTagBFP2,149,E,editable,149,none,7,ENVTDSC,0.931,True
conventional24,mTagBFP2,162,N,editable,165,hbond,8,VFIYSCAN,0.912,True
conventional24,mTagBFP2,164,M,editable,167,none,11,MILWKRVQTAE,0.916,True
conventional24,mTagBFP2,178,A,editable,178,none,5,FLVIM,0.953,False
conventional24,mTagBFP2,180,T,editable,180,none,4,TDSN,0.919,True
conventional24,mTagBFP2,182,Y,editable,182,none,6,YIMFHT,0.907,True
conventional24,mTagBFP2,201,Y,editable,203,none,7,HRTIYEK,0.902,True
conventional24,mTagBFP2,203,L,editable,205,none,6,LISTVN,0.906,True
conventional24,mTagBFP2,217,Q,editable,220,none,4,LQIV,0.915,True
conventional24,mTagBFP2,219,E,fixed,222,fixed,1,E,0.946,True
conventional24,EGFP,43,L,editable,42,none,6,QLFHIM,0.905,True
conventional24,EGFP,45,L,editable,44,none,8,LMAIVGNS,0.938,True
conventional24,EGFP,47,F,editable,46,none,6,LFIMAY,0.97,True
conventional24,EGFP,61,L,editable,60,none,2,LI,0.952,True
conventional24,EGFP,62,V,editable,61,none,7,SVTAGMI,0.936,True
conventional24,EGFP,63,T,editable,62,none,5,TPHSA,0.911,True
conventional24,EGFP,64,T,editable,63,none,8,TSAVQCLN,0.914,True
conventional24,EGFP,65,L,editable,64,none,5,FLIMC,0.936,True
conventional24,EGFP,66,T,editable,65,none,9,QGMSTACWH,0.919,True
conventional24,EGFP,67,Y,editable,66,aromatic,1,Y,0.911,True
conventional24,EGFP,68,G,fixed,67,fixed,1,G,0.998,True
conventional24,EGFP,69,V,editable,68,none,7,NSFVAME,0.912,True
conventional24,EGFP,70,Q,editable,69,none,6,RKQYHP,0.917,True
conventional24,EGFP,93,Y,editable,92,none,4,YFML,0.942,True
conventional24,EGFP,95,Q,editable,94,hbond,6,WQYNVT,0.916,True
conventional24,EGFP,97,R,fixed,96,fixed,1,R,0.991,True
conventional24,EGFP,113,V,editable,112,none,5,IVYTS,0.956,True
conventional24,EGFP,122,N,editable,121,none,5,YNHGS,0.941,True
conventional24,EGFP,146,Y,editable,145,none,8,EDLFYNCS,0.922,True
conventional24,EGFP,147,N,editable,146,none,6,PANWKT,0.922,True
conventional24,EGFP,149,H,editable,148,hbond,8,THVESCFQ,0.922,True
conventional24,EGFP,151,V,editable,150,none,9,KVRTHILMQ,0.942,True
conventional24,EGFP,166,F,editable,165,none,8,VFIYSCAN,0.912,True
conventional24,EGFP,168,I,editable,167,none,11,MILWKRVQTAE,0.916,True
conventional24,EGFP,204,T,editable,203,hbond,7,HRTIYEK,0.902,True
conventional24,EGFP,206,S,editable,205,none,6,LISTVN,0.906,True
conventional24,EGFP,221,L,editable,220,none,4,LQIV,0.915,True
conventional24,EGFP,223,E,fixed,222,fixed,1,E,0.946,True
conventional24,mVenus,43,L,editable,42,none,6,QLFHIM,0.905,True
conventional24,mVenus,45,L,editable,44,none,8,LMAIVGNS,0.938,True
conventional24,mVenus,61,L,editable,60,none,2,LI,0.952,True
conventional24,mVenus,62,V,editable,61,none,7,SVTAGMI,0.936,True
conventional24,mVenus,63,T,editable,62,none,5,TPHSA,0.911,True
conventional24,mVenus,64,T,editable,63,none,8,TSAVQCLN,0.914,True
conventional24,mVenus,65,L,editable,64,none,5,FLIMC,0.936,True
conventional24,mVenus,66,G,editable,65,none,9,QGMSTACWH,0.919,True
conventional24,mVenus,67,Y,editable,66,aromatic,1,Y,0.911,True
conventional24,mVenus,68,G,fixed,67,fixed,1,G,0.998,True
conventional24,mVenus,69,L,editable,68,none,7,NSFVAME,0.912,False
conventional24,mVenus,70,Q,editable,69,hbond,6,RKQYHP,0.917,True
conventional24,mVenus,93,Y,editable,92,none,4,YFML,0.942,True
conventional24,mVenus,95,Q,editable,94,hbond,6,WQYNVT,0.916,True
conventional24,mVenus,97,R,fixed,96,fixed,1,R,0.991,True
conventional24,mVenus,113,V,editable,112,none,5,IVYTS,0.956,True
conventional24,mVenus,122,N,editable,121,none,5,YNHGS,0.941,True
conventional24,mVenus,146,Y,editable,145,none,8,EDLFYNCS,0.922,True
conventional24,mVenus,147,N,editable,146,none,6,PANWKT,0.922,True
conventional24,mVenus,148,S,editable,147,none,5,SNTCP,0.904,True
conventional24,mVenus,149,H,editable,148,hbond,8,THVESCFQ,0.922,True
conventional24,mVenus,151,V,editable,150,none,9,KVRTHILMQ,0.942,True
conventional24,mVenus,166,F,editable,165,none,8,VFIYSCAN,0.912,True
conventional24,mVenus,168,I,editable,167,none,11,MILWKRVQTAE,0.916,True
conventional24,mVenus,184,Q,editable,183,none,5,KQRTD,0.903,True
conventional24,mVenus,204,Y,editable,203,none,7,HRTIYEK,0.902,True
conventional24,mVenus,206,S,editable,205,none,6,LISTVN,0.906,True
conventional24,mVenus,221,L,editable,220,none,4,LQIV,0.915,True
conventional24,mVenus,223,E,fixed,222,fixed,1,E,0.946,True
conventional24,mCherry,19,F,editable,14,none,7,IFMYHTV,0.913,True
conventional24,mCherry,47,Q,editable,42,none,6,QLFHIM,0.905,True
conventional24,mCherry,48,T,editable,43,none,6,TESKND,0.908,True
conventional24,mCherry,49,A,editable,44,none,8,LMAIVGNS,0.938,True
conventional24,mCherry,67,S,editable,61,none,7,SVTAGMI,0.936,True
conventional24,mCherry,68,P,editable,62,none,5,TPHSA,0.911,True
conventional24,mCherry,69,Q,editable,63,none,8,TSAVQCLN,0.914,True
conventional24,mCherry,70,F,editable,64,none,5,FLIMC,0.936,True
conventional24,mCherry,71,M,editable,65,none,9,QGMSTACWH,0.919,True
conventional24,mCherry,72,Y,editable,66,aromatic,1,Y,0.911,True
conventional24,mCherry,73,G,fixed,67,fixed,1,G,0.998,True
conventional24,mCherry,74,S,editable,68,none,7,NSFVAME,0.912,True
conventional24,mCherry,75,K,editable,69,none,6,RKQYHP,0.917,True
conventional24,mCherry,98,W,editable,94,none,6,WQYNVT,0.916,True
conventional24,mCherry,100,R,fixed,96,fixed,1,R,0.991,True
conventional24,mCherry,114,Q,editable,110,none,7,AQHSNFG,0.922,True
conventional24,mCherry,125,Y,editable,121,none,5,YNHGS,0.941,True
conventional24,mCherry,148,W,editable,144,none,6,WNSQAI,0.906,True
conventional24,mCherry,149,E,editable,145,none,8,EDLFYNCS,0.922,True
conventional24,mCherry,150,A,editable,146,none,6,PANWKT,0.922,True
conventional24,mCherry,151,S,editable,147,hbond,5,SNTCP,0.904,True
conventional24,mCherry,166,I,editable,165,none,8,VFIYSCAN,0.912,True
conventional24,mCherry,168,Q,editable,167,none,11,MILWKRVQTAE,0.916,True
conventional24,mCherry,186,Y,editable,182,none,6,YIMFHT,0.907,True
conventional24,mCherry,202,I,editable,203,none,7,HRTIYEK,0.902,True
conventional24,mCherry,204,L,editable,205,none,6,LISTVN,0.906,True
conventional24,mCherry,218,Q,editable,220,none,4,LQIV,0.915,True
conventional24,mCherry,219,Y,editable,221,none,11,YVLHKTSREFQ,0.923,True
conventional24,mCherry,220,E,fixed,222,fixed,1,E,0.946,True
conventional24,mKate2,40,Q,editable,42,none,6,QLFHIM,0.905,True
conventional24,mKate2,41,T,editable,43,none,6,TESKND,0.908,True
conventional24,mKate2,42,M,editable,44,none,8,LMAIVGNS,0.938,True
conventional24,mKate2,60,A,editable,61,none,7,SVTAGMI,0.936,True
conventional24,mKate2,61,T,editable,62,none,5,TPHSA,0.911,True
conventional24,mKate2,62,S,editable,63,none,8,TSAVQCLN,0.914,True
conventional24,mKate2,63,F,editable,64,none,5,FLIMC,0.936,True
conventional24,mKate2,64,M,editable,65,none,9,QGMSTACWH,0.919,True
conventional24,mKate2,65,Y,editable,66,aromatic,1,Y,0.911,True
conventional24,mKate2,66,G,fixed,67,fixed,1,G,0.998,True
conventional24,mKate2,67,S,editable,68,none,7,NSFVAME,0.912,True
conventional24,mKate2,68,K,editable,69,hbond,6,RKQYHP,0.917,True
conventional24,mKate2,91,W,editable,94,hbond,6,WQYNVT,0.916,True
conventional24,mKate2,93,R,fixed,96,fixed,1,R,0.991,True
conventional24,mKate2,107,Q,editable,110,none,7,AQHSNFG,0.922,True
conventional24,mKate2,109,T,editable,112,none,5,IVYTS,0.956,True
conventional24,mKate2,118,Y,editable,121,none,5,YNHGS,0.941,True
conventional24,mKate2,142,E,editable,145,none,8,EDLFYNCS,0.922,True
conventional24,mKate2,143,A,editable,146,none,6,PANWKT,0.922,True
conventional24,mKate2,144,S,editable,147,hbond,5,SNTCP,0.904,True
conventional24,mKate2,146,E,editable,149,none,7,ENVTDSC,0.931,True
conventional24,mKate2,161,M,editable,167,none,11,MILWKRVQTAE,0.916,True
conventional24,mKate2,175,L,editable,178,none,5,FLVIM,0.953,True
conventional24,mKate2,179,Y,editable,182,none,6,YIMFHT,0.907,True
conventional24,mKate2,198,R,editable,203,none,7,HRTIYEK,0.902,True
conventional24,mKate2,200,L,editable,205,none,6,LISTVN,0.906,True
conventional24,mKate2,214,Q,editable,220,none,4,LQIV,0.915,True
conventional24,mKate2,215,H,editable,221,none,11,YVLHKTSREFQ,0.923,True
conventional24,mKate2,216,E,fixed,222,fixed,1,E,0.946,True
conventional24,mScarlet-2A,15,F,editable,14,none,7,IFMYHTV,0.913,True
conventional24,mScarlet-2A,43,Q,editable,42,none,6,QLFHIM,0.905,True
conventional24,mScarlet-2A,44,T,editable,43,none,6,TESKND,0.908,True
conventional24,mScarlet-2A,45,A,editable,44,none,8,LMAIVGNS,0.938,True
conventional24,mScarlet-2A,63,S,editable,61,none,7,SVTAGMI,0.936,True
conventional24,mScarlet-2A,64,P,editable,62,none,5,TPHSA,0.911,True
conventional24,mScarlet-2A,65,Q,editable,63,none,8,TSAVQCLN,0.914,True
conventional24,mScarlet-2A,66,F,editable,64,none,5,FLIMC,0.936,True
conventional24,mScarlet-2A,67,M,editable,65,none,9,QGMSTACWH,0.919,True
conventional24,mScarlet-2A,68,Y,editable,66,aromatic,1,Y,0.911,True
conventional24,mScarlet-2A,69,G,fixed,67,fixed,1,G,0.998,True
conventional24,mScarlet-2A,70,S,editable,68,none,7,NSFVAME,0.912,True
conventional24,mScarlet-2A,71,R,editable,69,hbond,6,RKQYHP,0.917,True
conventional24,mScarlet-2A,94,W,editable,94,hbond,6,WQYNVT,0.916,True
conventional24,mScarlet-2A,96,R,fixed,96,fixed,1,R,0.991,True
conventional24,mScarlet-2A,110,Q,editable,110,hbond,7,AQHSNFG,0.922,True
conventional24,mScarlet-2A,112,T,editable,112,none,5,IVYTS,0.956,True
conventional24,mScarlet-2A,121,Y,editable,121,none,5,YNHGS,0.941,True
conventional24,mScarlet-2A,144,W,editable,144,none,6,WNSQAI,0.906,True
conventional24,mScarlet-2A,145,E,editable,145,none,8,EDLFYNCS,0.922,True
conventional24,mScarlet-2A,147,S,editable,147,hbond,5,SNTCP,0.904,True
conventional24,mScarlet-2A,162,I,editable,165,none,8,VFIYSCAN,0.912,True
conventional24,mScarlet-2A,164,M,editable,167,none,11,MILWKRVQTAE,0.916,True
conventional24,mScarlet-2A,182,Y,editable,182,none,6,YIMFHT,0.907,True
conventional24,mScarlet-2A,198,R,editable,203,none,7,HRTIYEK,0.902,True
conventional24,mScarlet-2A,200,L,editable,205,none,6,LISTVN,0.906,True
conventional24,mScarlet-2A,214,Q,editable,220,none,4,LQIV,0.915,True
conventional24,mScarlet-2A,215,Y,editable,221,none,11,YVLHKTSREFQ,0.923,True
conventional24,mScarlet-2A,216,E,fixed,222,fixed,1,E,0.946,True
conventional24,td-RFP639,39,Q,editable,42,none,6,QLFHIM,0.905,True
conventional24,td-RFP639,40,T,editable,43,none,6,TESKND,0.908,True
conventional24,td-RFP639,41,M,editable,44,none,8,LMAIVGNS,0.938,True
conventional24,td-RFP639,59,A,editable,61,none,7,SVTAGMI,0.936,True
conventional24,td-RFP639,60,T,editable,62,none,5,TPHSA,0.911,True
conventional24,td-RFP639,61,S,editable,63,none,8,TSAVQCLN,0.914,True
conventional24,td-RFP639,62,F,editable,64,none,5,FLIMC,0.936,True
conventional24,td-RFP639,63,M,editable,65,none,9,QGMSTACWH,0.919,True
conventional24,td-RFP639,64,Y,editable,66,aromatic,1,Y,0.911,True
conventional24,td-RFP639,65,G,fixed,67,fixed,1,G,0.998,True
conventional24,td-RFP639,66,S,editable,68,none,7,NSFVAME,0.912,True
conventional24,td-RFP639,67,K,editable,69,none,6,RKQYHP,0.917,True
conventional24,td-RFP639,90,W,editable,94,hbond,6,WQYNVT,0.916,True
conventional24,td-RFP639,92,R,fixed,96,fixed,1,R,0.991,True
conventional24,td-RFP639,106,Q,editable,110,hbond,7,AQHSNFG,0.922,True
conventional24,td-RFP639,108,T,editable,112,none,5,IVYTS,0.956,True
conventional24,td-RFP639,117,Y,editable,121,none,5,YNHGS,0.941,True
conventional24,td-RFP639,141,E,editable,145,none,8,EDLFYNCS,0.922,True
conventional24,td-RFP639,142,P,editable,146,none,6,PANWKT,0.922,True
conventional24,td-RFP639,143,S,editable,147,hbond,5,SNTCP,0.904,True
conventional24,td-RFP639,158,C,editable,165,none,8,VFIYSCAN,0.912,True
conventional24,td-RFP639,160,M,editable,167,none,11,MILWKRVQTAE,0.916,True
conventional24,td-RFP639,174,F,editable,178,none,5,FLVIM,0.953,True
conventional24,td-RFP639,178,Y,editable,182,none,6,YIMFHT,0.907,True
conventional24,td-RFP639,197,H,editable,203,none,7,HRTIYEK,0.902,True
conventional24,td-RFP639,198,R,editable,204,none,6,RKQHCI,0.918,True
conventional24,td-RFP639,199,L,editable,205,none,6,LISTVN,0.906,True
conventional24,td-RFP639,213,Q,editable,220,none,4,LQIV,0.915,True
conventional24,td-RFP639,214,H,editable,221,none,11,YVLHKTSREFQ,0.923,True
conventional24,td-RFP639,215,E,fixed,222,fixed,1,E,0.946,True
conventional24,DimVenus,43,L,editable,42,none,6,QLFHIM,0.905,True
conventional24,DimVenus,45,L,editable,44,none,8,LMAIVGNS,0.938,True
conventional24,DimVenus,61,L,editable,60,none,2,LI,0.952,True
conventional24,DimVenus,62,V,editable,61,none,7,SVTAGMI,0.936,True
conventional24,DimVenus,63,T,editable,62,none,5,TPHSA,0.911,True
conventional24,DimVenus,64,T,editable,63,none,8,TSAVQCLN,0.914,True
conventional24,DimVenus,65,L,editable,64,none,5,FLIMC,0.936,True
conventional24,DimVenus,66,G,editable,65,none,9,QGMSTACWH,0.919,True
conventional24,DimVenus,67,Y,editable,66,aromatic,1,Y,0.911,True
conventional24,DimVenus,68,G,fixed,67,fixed,1,G,0.998,True
conventional24,DimVenus,69,L,editable,68,none,7,NSFVAME,0.912,False
conventional24,DimVenus,70,Q,editable,69,hbond,6,RKQYHP,0.917,True
conventional24,DimVenus,93,Y,editable,92,none,4,YFML,0.942,True
conventional24,DimVenus,95,Q,editable,94,hbond,6,WQYNVT,0.916,True
conventional24,DimVenus,97,R,fixed,96,fixed,1,R,0.991,True
conventional24,DimVenus,113,V,editable,112,none,5,IVYTS,0.956,True
conventional24,DimVenus,122,N,editable,121,none,5,YNHGS,0.941,True
conventional24,DimVenus,146,W,editable,145,none,8,EDLFYNCS,0.922,False
conventional24,DimVenus,147,N,editable,146,none,6,PANWKT,0.922,True
conventional24,DimVenus,148,S,editable,147,none,5,SNTCP,0.904,True
conventional24,DimVenus,149,H,editable,148,hbond,8,THVESCFQ,0.922,True
conventional24,DimVenus,151,V,editable,150,none,9,KVRTHILMQ,0.942,True
conventional24,DimVenus,166,F,editable,165,none,8,VFIYSCAN,0.912,True
conventional24,DimVenus,168,I,editable,167,none,11,MILWKRVQTAE,0.916,True
conventional24,DimVenus,184,Q,editable,183,none,5,KQRTD,0.903,True
conventional24,DimVenus,204,Y,editable,203,none,7,HRTIYEK,0.902,True
conventional24,DimVenus,206,S,editable,205,none,6,LISTVN,0.906,True
conventional24,DimVenus,221,L,editable,220,none,4,LQIV,0.915,True
conventional24,DimVenus,223,E,fixed,222,fixed,1,E,0.946,True
conventional24,moxDendra2,43,Q,editable,42,none,6,QLFHIM,0.905,True
conventional24,moxDendra2,44,T,editable,43,none,6,TESKND,0.908,True
conventional24,moxDendra2,45,A,editable,44,none,8,LMAIVGNS,0.938,True
conventional24,moxDendra2,63,T,editable,61,none,7,SVTAGMI,0.936,True
conventional24,moxDendra2,64,T,editable,62,none,5,TPHSA,0.911,True
conventional24,moxDendra2,65,A,editable,63,none,8,TSAVQCLN,0.914,True
conventional24,moxDendra2,66,V,editable,64,none,5,FLIMC,0.936,False
conventional24,moxDendra2,67,H,editable,65,none,9,QGMSTACWH,0.919,True
conventional24,moxDendra2,68,Y,editable,66,aromatic,1,Y,0.911,True
conventional24,moxDendra2,69,G,fixed,67,fixed,1,G,0.998,True
conventional24,moxDendra2,70,N,editable,68,none,7,NSFVAME,0.912,True
conventional24,moxDendra2,71,R,editable,69,none,6,RKQYHP,0.917,True
conventional24,moxDendra2,92,Y,editable,92,none,4,YFML,0.942,True
conventional24,moxDendra2,94,W,editable,94,hbond,6,WQYNVT,0.916,True
conventional24,moxDendra2,96,R,fixed,96,fixed,1,R,0.991,True
conventional24,moxDendra2,110,S,editable,110,none,7,AQHSNFG,0.922,True
conventional24,moxDendra2,112,I,editable,112,none,5,IVYTS,0.956,True
conventional24,moxDendra2,121,Q,editable,121,none,5,YNHGS,0.941,False
conventional24,moxDendra2,145,E,editable,145,none,8,EDLFYNCS,0.922,True
conventional24,moxDendra2,146,P,editable,146,none,6,PANWKT,0.922,True
conventional24,moxDendra2,147,S,editable,147,hbond,5,SNTCP,0.904,True
conventional24,moxDendra2,149,E,editable,149,none,7,ENVTDSC,0.931,True
conventional24,moxDendra2,162,I,editable,165,none,8,VFIYSCAN,0.912,True
conventional24,moxDendra2,164,M,editable,167,none,11,MILWKRVQTAE,0.916,True
conventional24,moxDendra2,178,F,editable,178,none,5,FLVIM,0.953,True
conventional24,moxDendra2,198,H,editable,203,none,7,HRTIYEK,0.902,True
conventional24,moxDendra2,199,R,editable,204,none,6,RKQHCI,0.918,True
conventional24,moxDendra2,200,I,editable,205,none,6,LISTVN,0.906,True
conventional24,moxDendra2,214,L,editable,220,none,4,LQIV,0.915,True
conventional24,moxDendra2,215,Y,editable,221,none,11,YVLHKTSREFQ,0.923,True
conventional24,moxDendra2,216,E,fixed,222,fixed,1,E,0.946,True
conventional24,PA-GFP,43,L,editable,42,none,6,QLFHIM,0.905,True
conventional24,PA-GFP,45,L,editable,44,none,8,LMAIVGNS,0.938,True
conventional24,PA-GFP,47,F,editable,46,none,6,LFIMAY,0.97,True
conventional24,PA-GFP,61,L,editable,60,none,2,LI,0.952,True
conventional24,PA-GFP,62,V,editable,61,none,7,SVTAGMI,0.936,True
conventional24,PA-GFP,63,T,editable,62,none,5,TPHSA,0.911,True
conventional24,PA-GFP,64,T,editable,63,none,8,TSAVQCLN,0.914,True
conventional24,PA-GFP,65,F,editable,64,none,5,FLIMC,0.936,True
conventional24,PA-GFP,66,S,editable,65,none,9,QGMSTACWH,0.919,True
conventional24,PA-GFP,67,Y,editable,66,aromatic,1,Y,0.911,True
conventional24,PA-GFP,68,G,fixed,67,fixed,1,G,0.998,True
conventional24,PA-GFP,69,V,editable,68,none,7,NSFVAME,0.912,True
conventional24,PA-GFP,70,Q,editable,69,hbond,6,RKQYHP,0.917,True
conventional24,PA-GFP,93,Y,editable,92,none,4,YFML,0.942,True
conventional24,PA-GFP,95,Q,editable,94,hbond,6,WQYNVT,0.916,True
conventional24,PA-GFP,97,R,fixed,96,fixed,1,R,0.991,True
conventional24,PA-GFP,113,V,editable,112,none,5,IVYTS,0.956,True
conventional24,PA-GFP,122,N,editable,121,none,5,YNHGS,0.941,True
conventional24,PA-GFP,146,Y,editable,145,none,8,EDLFYNCS,0.922,True
conventional24,PA-GFP,147,N,editable,146,none,6,PANWKT,0.922,True
conventional24,PA-GFP,166,F,editable,165,none,8,VFIYSCAN,0.912,True
conventional24,PA-GFP,168,I,editable,167,none,11,MILWKRVQTAE,0.916,True
conventional24,PA-GFP,184,Q,editable,183,none,5,KQRTD,0.903,True
conventional24,PA-GFP,204,H,editable,203,none,7,HRTIYEK,0.902,True
conventional24,PA-GFP,206,S,editable,205,hbond,6,LISTVN,0.906,True
conventional24,PA-GFP,221,L,editable,220,none,4,LQIV,0.915,True
conventional24,PA-GFP,223,E,fixed,222,fixed,1,E,0.946,True
conventional24,tdKatushka2,39,Q,editable,42,none,6,QLFHIM,0.905,True
conventional24,tdKatushka2,40,T,editable,43,none,6,TESKND,0.908,True
conventional24,tdKatushka2,41,M,editable,44,none,8,LMAIVGNS,0.938,True
conventional24,tdKatushka2,59,A,editable,61,none,7,SVTAGMI,0.936,True
conventional24,tdKatushka2,60,T,editable,62,none,5,TPHSA,0.911,True
conventional24,tdKatushka2,61,S,editable,63,none,8,TSAVQCLN,0.914,True
conventional24,tdKatushka2,62,F,editable,64,none,5,FLIMC,0.936,True
conventional24,tdKatushka2,63,M,editable,65,none,9,QGMSTACWH,0.919,True
conventional24,tdKatushka2,64,Y,editable,66,aromatic,1,Y,0.911,True
conventional24,tdKatushka2,65,G,fixed,67,fixed,1,G,0.998,True
conventional24,tdKatushka2,66,S,editable,68,none,7,NSFVAME,0.912,True
conventional24,tdKatushka2,67,K,editable,69,none,6,RKQYHP,0.917,True
conventional24,tdKatushka2,90,W,editable,94,hbond,6,WQYNVT,0.916,True
conventional24,tdKatushka2,92,R,fixed,96,fixed,1,R,0.991,True
conventional24,tdKatushka2,106,Q,editable,110,hbond,7,AQHSNFG,0.922,True
conventional24,tdKatushka2,108,T,editable,112,none,5,IVYTS,0.956,True
conventional24,tdKatushka2,117,Y,editable,121,none,5,YNHGS,0.941,True
conventional24,tdKatushka2,141,E,editable,145,none,8,EDLFYNCS,0.922,True
conventional24,tdKatushka2,143,N,editable,147,none,5,SNTCP,0.904,True
conventional24,tdKatushka2,160,M,editable,167,none,11,MILWKRVQTAE,0.916,True
conventional24,tdKatushka2,174,F,editable,178,none,5,FLVIM,0.953,True
conventional24,tdKatushka2,178,Y,editable,182,none,6,YIMFHT,0.907,True
conventional24,tdKatushka2,197,H,editable,203,none,7,HRTIYEK,0.902,True
conventional24,tdKatushka2,198,R,editable,204,none,6,RKQHCI,0.918,True
conventional24,tdKatushka2,199,L,editable,205,none,6,LISTVN,0.906,True
conventional24,tdKatushka2,213,Q,editable,220,none,4,LQIV,0.915,True
conventional24,tdKatushka2,214,H,editable,221,none,11,YVLHKTSREFQ,0.923,True
conventional24,tdKatushka2,215,E,fixed,222,fixed,1,E,0.946,True
conventional24,DsRed-Express,14,F,editable,14,none,7,IFMYHTV,0.913,True
conventional24,DsRed-Express,42,Q,editable,42,hbond,6,QLFHIM,0.905,True
conventional24,DsRed-Express,43,T,editable,43,none,6,TESKND,0.908,True
conventional24,DsRed-Express,44,A,editable,44,none,8,LMAIVGNS,0.938,True
conventional24,DsRed-Express,62,S,editable,61,none,7,SVTAGMI,0.936,True
conventional24,DsRed-Express,63,P,editable,62,none,5,TPHSA,0.911,True
conventional24,DsRed-Express,64,Q,editable,63,none,8,TSAVQCLN,0.914,True
conventional24,DsRed-Express,65,F,editable,64,none,5,FLIMC,0.936,True
conventional24,DsRed-Express,66,Q,editable,65,none,9,QGMSTACWH,0.919,True
conventional24,DsRed-Express,67,Y,editable,66,aromatic,1,Y,0.911,True
conventional24,DsRed-Express,68,G,fixed,67,fixed,1,G,0.998,True
conventional24,DsRed-Express,69,S,editable,68,none,7,NSFVAME,0.912,True
conventional24,DsRed-Express,70,K,editable,69,none,6,RKQYHP,0.917,True
conventional24,DsRed-Express,93,W,editable,94,hbond,6,WQYNVT,0.916,True
conventional24,DsRed-Express,95,R,fixed,96,fixed,1,R,0.991,True
conventional24,DsRed-Express,109,Q,editable,110,none,7,AQHSNFG,0.922,True
conventional24,DsRed-Express,120,Y,editable,121,none,5,YNHGS,0.941,True
conventional24,DsRed-Express,144,E,editable,145,none,8,EDLFYNCS,0.922,True
conventional24,DsRed-Express,145,A,editable,146,none,6,PANWKT,0.922,True
conventional24,DsRed-Express,146,S,editable,147,hbond,5,SNTCP,0.904,True
conventional24,DsRed-Express,161,I,editable,165,none,8,VFIYSCAN,0.912,True
conventional24,DsRed-Express,163,K,editable,167,hbond,11,MILWKRVQTAE,0.916,True
conventional24,DsRed-Express,177,F,editable,178,none,5,FLVIM,0.953,True
conventional24,DsRed-Express,197,S,editable,203,none,7,HRTIYEK,0.902,False
conventional24,DsRed-Express,198,K,editable,204,none,6,RKQHCI,0.918,True
conventional24,DsRed-Express,199,L,editable,205,none,6,LISTVN,0.906,True
conventional24,DsRed-Express,213,Q,editable,220,hbond,4,LQIV,0.915,True
conventional24,DsRed-Express,214,Y,editable,221,none,11,YVLHKTSREFQ,0.923,True
conventional24,DsRed-Express,215,E,fixed,222,fixed,1,E,0.946,True
conventional24,mEosFP,38,Q,editable,42,hbond,6,QLFHIM,0.905,True
conventional24,mEosFP,39,S,editable,43,none,6,TESKND,0.908,True
conventional24,mEosFP,40,M,editable,44,none,8,LMAIVGNS,0.938,True
conventional24,mEosFP,58,T,editable,61,none,7,SVTAGMI,0.936,True
conventional24,mEosFP,59,T,editable,62,none,5,TPHSA,0.911,True
conventional24,mEosFP,60,A,editable,63,none,8,TSAVQCLN,0.914,True
conventional24,mEosFP,61,F,editable,64,none,5,FLIMC,0.936,True
conventional24,mEosFP,62,H,editable,65,none,9,QGMSTACWH,0.919,True
conventional24,mEosFP,63,Y,editable,66,aromatic,1,Y,0.911,True
conventional24,mEosFP,64,G,fixed,67,fixed,1,G,0.998,True
conventional24,mEosFP,65,N,editable,68,none,7,NSFVAME,0.912,True
conventional24,mEosFP,66,R,editable,69,hbond,6,RKQYHP,0.917,True
conventional24,mEosFP,87,Y,editable,92,none,4,YFML,0.942,True
conventional24,mEosFP,89,W,editable,94,hbond,6,WQYNVT,0.916,True
conventional24,mEosFP,91,R,fixed,96,fixed,1,R,0.991,True
conventional24,mEosFP,105,N,editable,110,hbond,7,AQHSNFG,0.922,True
conventional24,mEosFP,107,I,editable,112,none,5,IVYTS,0.956,True
conventional24,mEosFP,116,N,editable,121,none,5,YNHGS,0.941,True
conventional24,mEosFP,140,E,editable,145,none,8,EDLFYNCS,0.922,True
conventional24,mEosFP,142,S,editable,147,hbond,5,SNTCP,0.904,True
conventional24,mEosFP,157,I,editable,165,none,8,VFIYSCAN,0.912,True
conventional24,mEosFP,159,M,editable,167,none,11,MILWKRVQTAE,0.916,True
conventional24,mEosFP,194,H,editable,203,none,7,HRTIYEK,0.902,True
conventional24,mEosFP,195,C,editable,204,none,6,RKQHCI,0.918,True
conventional24,mEosFP,196,I,editable,205,none,6,LISTVN,0.906,True
conventional24,mEosFP,210,L,editable,220,none,4,LQIV,0.915,True
conventional24,mEosFP,211,Y,editable,221,none,11,YVLHKTSREFQ,0.923,True
conventional24,mEosFP,212,E,fixed,222,fixed,1,E,0.946,True
conventional24,rsFusionRed3,61,T,editable,62,none,5,TPHSA,0.911,True
conventional24,rsFusionRed3,64,M,editable,65,none,9,QGMSTACWH,0.919,True
conventional24,rsFusionRed3,65,Y,editable,66,aromatic,1,Y,0.911,True
conventional24,rsFusionRed3,66,G,fixed,67,fixed,1,G,0.998,True
conventional24,rsFusionRed3,67,S,editable,68,none,7,NSFVAME,0.912,True
conventional24,rsFusionRed3,68,K,editable,69,none,6,RKQYHP,0.917,True
conventional24,rsFusionRed3,91,W,editable,94,none,6,WQYNVT,0.916,True
conventional24,rsFusionRed3,93,R,fixed,96,fixed,1,R,0.991,True
conventional24,rsFusionRed3,144,H,editable,147,hbond,5,SNTCP,0.904,False
conventional24,rsFusionRed3,145,T,editable,148,none,8,THVESCFQ,0.922,True
conventional24,rsFusionRed3,146,E,editable,149,none,7,ENVTDSC,0.931,True
conventional24,rsFusionRed3,159,C,editable,165,none,8,VFIYSCAN,0.912,True
conventional24,rsFusionRed3,161,M,editable,167,none,11,MILWKRVQTAE,0.916,True
conventional24,rsFusionRed3,175,L,editable,178,none,5,FLVIM,0.953,True
conventional24,rsFusionRed3,179,Y,editable,182,none,6,YIMFHT,0.907,True
conventional24,rsFusionRed3,198,H,editable,203,none,7,HRTIYEK,0.902,True
conventional24,rsFusionRed3,216,E,fixed,222,fixed,1,E,0.946,True
conventional24,GFPxm191uv,42,L,editable,42,none,6,QLFHIM,0.905,True
conventional24,GFPxm191uv,44,I,editable,44,none,8,LMAIVGNS,0.938,True
conventional24,GFPxm191uv,60,L,editable,60,none,2,LI,0.952,True
conventional24,GFPxm191uv,61,V,editable,61,none,7,SVTAGMI,0.936,True
conventional24,GFPxm191uv,62,T,editable,62,none,5,TPHSA,0.911,True
conventional24,GFPxm191uv,63,T,editable,63,none,8,TSAVQCLN,0.914,True
conventional24,GFPxm191uv,64,L,editable,64,none,5,FLIMC,0.936,True
conventional24,GFPxm191uv,65,S,editable,65,none,9,QGMSTACWH,0.919,True
conventional24,GFPxm191uv,66,Y,editable,66,aromatic,1,Y,0.911,True
conventional24,GFPxm191uv,67,G,fixed,67,fixed,1,G,0.998,True
conventional24,GFPxm191uv,68,I,editable,68,none,7,NSFVAME,0.912,False
conventional24,GFPxm191uv,69,L,editable,69,none,6,RKQYHP,0.917,False
conventional24,GFPxm191uv,92,Y,editable,92,none,4,YFML,0.942,True
conventional24,GFPxm191uv,94,Q,editable,94,hbond,6,WQYNVT,0.916,True
conventional24,GFPxm191uv,96,R,fixed,96,fixed,1,R,0.991,True
conventional24,GFPxm191uv,112,V,editable,112,none,5,IVYTS,0.956,True
conventional24,GFPxm191uv,121,N,editable,121,none,5,YNHGS,0.941,True
conventional24,GFPxm191uv,145,F,editable,145,none,8,EDLFYNCS,0.922,True
conventional24,GFPxm191uv,146,N,editable,146,none,6,PANWKT,0.922,True
conventional24,GFPxm191uv,147,S,editable,147,none,5,SNTCP,0.904,True
conventional24,GFPxm191uv,148,H,editable,148,none,8,THVESCFQ,0.922,True
conventional24,GFPxm191uv,150,V,editable,150,none,9,KVRTHILMQ,0.942,True
conventional24,GFPxm191uv,165,F,editable,165,none,8,VFIYSCAN,0.912,True
conventional24,GFPxm191uv,167,I,editable,167,none,11,MILWKRVQTAE,0.916,True
conventional24,GFPxm191uv,203,C,editable,203,none,7,HRTIYEK,0.902,False
conventional24,GFPxm191uv,205,T,editable,205,none,6,LISTVN,0.906,True
conventional24,GFPxm191uv,220,F,editable,220,none,4,LQIV,0.915,False
conventional24,GFPxm191uv,222,E,fixed,222,fixed,1,E,0.946,True
conventional24,mEosEM,39,Q,editable,42,hbond,6,QLFHIM,0.905,True
conventional24,mEosEM,40,T,editable,43,none,6,TESKND,0.908,True
conventional24,mEosEM,41,M,editable,44,none,8,LMAIVGNS,0.938,True
conventional24,mEosEM,59,T,editable,61,none,7,SVTAGMI,0.936,True
conventional24,mEosEM,60,T,editable,62,none,5,TPHSA,0.911,True
conventional24,mEosEM,61,A,editable,63,none,8,TSAVQCLN,0.914,True
conventional24,mEosEM,62,F,editable,64,none,5,FLIMC,0.936,True
conventional24,mEosEM,63,H,editable,65,none,9,QGMSTACWH,0.919,True
conventional24,mEosEM,64,Y,editable,66,aromatic,1,Y,0.911,True
conventional24,mEosEM,65,G,fixed,67,fixed,1,G,0.998,True
conventional24,mEosEM,66,N,editable,68,none,7,NSFVAME,0.912,True
conventional24,mEosEM,67,R,editable,69,hbond,6,RKQYHP,0.917,True
conventional24,mEosEM,88,Y,editable,92,none,4,YFML,0.942,True
conventional24,mEosEM,90,W,editable,94,hbond,6,WQYNVT,0.916,True
conventional24,mEosEM,92,R,fixed,96,fixed,1,R,0.991,True
conventional24,mEosEM,106,N,editable,110,hbond,7,AQHSNFG,0.922,True
conventional24,mEosEM,108,I,editable,112,none,5,IVYTS,0.956,True
conventional24,mEosEM,117,N,editable,121,none,5,YNHGS,0.941,True
conventional24,mEosEM,141,E,editable,145,none,8,EDLFYNCS,0.922,True
conventional24,mEosEM,143,S,editable,147,hbond,5,SNTCP,0.904,True
conventional24,mEosEM,158,I,editable,165,none,8,VFIYSCAN,0.912,True
conventional24,mEosEM,160,M,editable,167,none,11,MILWKRVQTAE,0.916,True
conventional24,mEosEM,174,F,editable,178,none,5,FLVIM,0.953,True
conventional24,mEosEM,195,H,editable,203,none,7,HRTIYEK,0.902,True
conventional24,mEosEM,196,A,editable,204,none,6,RKQHCI,0.918,False
conventional24,mEosEM,197,I,editable,205,none,6,LISTVN,0.906,True
conventional24,mEosEM,211,L,editable,220,none,4,LQIV,0.915,True
conventional24,mEosEM,212,Y,editable,221,none,11,YVLHKTSREFQ,0.923,True
conventional24,mEosEM,213,E,fixed,222,fixed,1,E,0.946,True
conventional24,10B,42,L,editable,42,none,6,QLFHIM,0.905,True
conventional24,10B,61,V,editable,61,none,7,SVTAGMI,0.936,True
conventional24,10B,62,T,editable,62,none,5,TPHSA,0.911,True
conventional24,10B,63,T,editable,63,none,8,TSAVQCLN,0.914,True
conventional24,10B,64,L,editable,64,none,5,FLIMC,0.936,True
conventional24,10B,65,G,editable,65,none,9,QGMSTACWH,0.919,True
conventional24,10B,66,Y,editable,66,aromatic,1,Y,0.911,True
conventional24,10B,67,G,fixed,67,fixed,1,G,0.998,True
conventional24,10B,68,V,editable,68,none,7,NSFVAME,0.912,True
conventional24,10B,69,Q,editable,69,none,6,RKQYHP,0.917,True
conventional24,10B,94,Q,editable,94,none,6,WQYNVT,0.916,True
conventional24,10B,96,R,fixed,96,fixed,1,R,0.991,True
conventional24,10B,145,Y,editable,145,none,8,EDLFYNCS,0.922,True
conventional24,10B,146,N,editable,146,none,6,PANWKT,0.922,True
conventional24,10B,147,S,editable,147,none,5,SNTCP,0.904,True
conventional24,10B,148,H,editable,148,hbond,8,THVESCFQ,0.922,True
conventional24,10B,150,V,editable,150,none,9,KVRTHILMQ,0.942,True
conventional24,10B,165,F,editable,165,none,8,VFIYSCAN,0.912,True
conventional24,10B,167,I,editable,167,none,11,MILWKRVQTAE,0.916,True
conventional24,10B,203,Y,editable,203,none,7,HRTIYEK,0.902,True
conventional24,10B,205,S,editable,205,none,6,LISTVN,0.906,True
conventional24,10B,220,L,editable,220,none,4,LQIV,0.915,True
conventional24,10B,222,E,fixed,222,fixed,1,E,0.946,True
conventional24,mStrawberry,47,Q,editable,42,none,6,QLFHIM,0.905,True
conventional24,mStrawberry,67,T,editable,61,none,7,SVTAGMI,0.936,True
conventional24,mStrawberry,68,P,editable,62,none,5,TPHSA,0.911,True
conventional24,mStrawberry,69,N,editable,63,none,8,TSAVQCLN,0.914,True
conventional24,mStrawberry,70,F,editable,64,none,5,FLIMC,0.936,True
conventional24,mStrawberry,71,T,editable,65,none,9,QGMSTACWH,0.919,True
conventional24,mStrawberry,72,Y,editable,66,aromatic,1,Y,0.911,True
conventional24,mStrawberry,73,G,fixed,67,fixed,1,G,0.998,True
conventional24,mStrawberry,74,S,editable,68,none,7,NSFVAME,0.912,True
conventional24,mStrawberry,75,K,editable,69,none,6,RKQYHP,0.917,True
conventional24,mStrawberry,98,W,editable,94,none,6,WQYNVT,0.916,True
conventional24,mStrawberry,100,R,fixed,96,fixed,1,R,0.991,True
conventional24,mStrawberry,114,Q,editable,110,none,7,AQHSNFG,0.922,True
conventional24,mStrawberry,116,S,editable,112,none,5,IVYTS,0.956,True
conventional24,mStrawberry,125,Y,editable,121,none,5,YNHGS,0.941,True
conventional24,mStrawberry,148,W,editable,144,none,6,WNSQAI,0.906,True
conventional24,mStrawberry,149,E,editable,145,none,8,EDLFYNCS,0.922,True
conventional24,mStrawberry,150,A,editable,146,none,6,PANWKT,0.922,True
conventional24,mStrawberry,151,S,editable,147,hbond,5,SNTCP,0.904,True
conventional24,mStrawberry,153,E,editable,149,none,7,ENVTDSC,0.931,True
conventional24,mStrawberry,166,I,editable,165,none,8,VFIYSCAN,0.912,True
conventional24,mStrawberry,168,M,editable,167,none,11,MILWKRVQTAE,0.916,True
conventional24,mStrawberry,186,Y,editable,182,none,6,YIMFHT,0.907,True
conventional24,mStrawberry,202,I,editable,203,none,7,HRTIYEK,0.902,True
conventional24,mStrawberry,204,L,editable,205,none,6,LISTVN,0.906,True
conventional24,mStrawberry,218,L,editable,220,none,4,LQIV,0.915,True
conventional24,mStrawberry,220,E,fixed,222,fixed,1,E,0.946,True
conventional24,deGFP3,42,L,editable,42,none,6,QLFHIM,0.905,True
conventional24,deGFP3,44,L,editable,44,none,8,LMAIVGNS,0.938,True
conventional24,deGFP3,60,L,editable,60,none,2,LI,0.952,True
conventional24,deGFP3,61,V,editable,61,none,7,SVTAGMI,0.936,True
conventional24,deGFP3,62,T,editable,62,none,5,TPHSA,0.911,True
conventional24,deGFP3,63,T,editable,63,none,8,TSAVQCLN,0.914,True
conventional24,deGFP3,64,F,editable,64,none,5,FLIMC,0.936,True
conventional24,deGFP3,65,T,editable,65,none,9,QGMSTACWH,0.919,True
conventional24,deGFP3,66,Y,editable,66,aromatic,1,Y,0.911,True
conventional24,deGFP3,67,G,fixed,67,fixed,1,G,0.998,True
conventional24,deGFP3,68,V,editable,68,none,7,NSFVAME,0.912,True
conventional24,deGFP3,69,Q,editable,69,hbond,6,RKQYHP,0.917,True
conventional24,deGFP3,92,Y,editable,92,none,4,YFML,0.942,True
conventional24,deGFP3,94,Q,editable,94,hbond,6,WQYNVT,0.916,True
conventional24,deGFP3,96,R,fixed,96,fixed,1,R,0.991,True
conventional24,deGFP3,112,V,editable,112,none,5,IVYTS,0.956,True
conventional24,deGFP3,121,N,editable,121,none,5,YNHGS,0.941,True
conventional24,deGFP3,145,Y,editable,145,none,8,EDLFYNCS,0.922,True
conventional24,deGFP3,146,N,editable,146,none,6,PANWKT,0.922,True
conventional24,deGFP3,148,H,editable,148,hbond,8,THVESCFQ,0.922,True
conventional24,deGFP3,150,V,editable,150,none,9,KVRTHILMQ,0.942,True
conventional24,deGFP3,165,F,editable,165,none,8,VFIYSCAN,0.912,True
conventional24,deGFP3,167,I,editable,167,none,11,MILWKRVQTAE,0.916,True
conventional24,deGFP3,183,Q,editable,183,none,5,KQRTD,0.903,True
conventional24,deGFP3,203,C,editable,203,none,7,HRTIYEK,0.902,False
conventional24,deGFP3,205,S,editable,205,none,6,LISTVN,0.906,True
conventional24,deGFP3,220,L,editable,220,none,4,LQIV,0.915,True
conventional24,deGFP3,222,E,fixed,222,fixed,1,E,0.946,True
conventional24,E2-Red/Green,14,F,editable,14,none,7,IFMYHTV,0.913,True
conventional24,E2-Red/Green,42,H,editable,42,none,6,QLFHIM,0.905,True
conventional24,E2-Red/Green,43,T,editable,43,none,6,TESKND,0.908,True
conventional24,E2-Red/Green,44,V,editable,44,none,8,LMAIVGNS,0.938,True
conventional24,E2-Red/Green,62,S,editable,61,none,7,SVTAGMI,0.936,True
conventional24,E2-Red/Green,63,P,editable,62,none,5,TPHSA,0.911,True
conventional24,E2-Red/Green,64,Q,editable,63,none,8,TSAVQCLN,0.914,True
conventional24,E2-Red/Green,65,F,editable,64,none,5,FLIMC,0.936,True
conventional24,E2-Red/Green,66,Q,editable,65,none,9,QGMSTACWH,0.919,True
conventional24,E2-Red/Green,67,Y,editable,66,aromatic,1,Y,0.911,True
conventional24,E2-Red/Green,68,G,fixed,67,fixed,1,G,0.998,True
conventional24,E2-Red/Green,69,S,editable,68,none,7,NSFVAME,0.912,True
conventional24,E2-Red/Green,70,K,editable,69,none,6,RKQYHP,0.917,True
conventional24,E2-Red/Green,93,W,editable,94,hbond,6,WQYNVT,0.916,True
conventional24,E2-Red/Green,95,R,fixed,96,fixed,1,R,0.991,True
conventional24,E2-Red/Green,109,Q,editable,110,hbond,7,AQHSNFG,0.922,True
conventional24,E2-Red/Green,111,S,editable,112,none,5,IVYTS,0.956,True
conventional24,E2-Red/Green,120,Y,editable,121,none,5,YNHGS,0.941,True
conventional24,E2-Red/Green,144,E,editable,145,none,8,EDLFYNCS,0.922,True
conventional24,E2-Red/Green,146,S,editable,147,hbond,5,SNTCP,0.904,True
conventional24,E2-Red/Green,161,I,editable,165,none,8,VFIYSCAN,0.912,True
conventional24,E2-Red/Green,163,K,editable,167,hbond,11,MILWKRVQTAE,0.916,True
conventional24,E2-Red/Green,177,F,editable,178,none,5,FLVIM,0.953,True
conventional24,E2-Red/Green,197,S,editable,203,none,7,HRTIYEK,0.902,False
conventional24,E2-Red/Green,198,K,editable,204,none,6,RKQHCI,0.918,True
conventional24,E2-Red/Green,199,L,editable,205,none,6,LISTVN,0.906,True
conventional24,E2-Red/Green,213,Q,editable,220,none,4,LQIV,0.915,True
conventional24,E2-Red/Green,214,Y,editable,221,none,11,YVLHKTSREFQ,0.923,True
conventional24,E2-Red/Green,215,E,fixed,222,fixed,1,E,0.946,True
conventional24,GFPxm162,42,L,editable,42,none,6,QLFHIM,0.905,True
conventional24,GFPxm162,44,I,editable,44,none,8,LMAIVGNS,0.938,True
conventional24,GFPxm162,60,L,editable,60,none,2,LI,0.952,True
conventional24,GFPxm162,61,V,editable,61,none,7,SVTAGMI,0.936,True
conventional24,GFPxm162,62,T,editable,62,none,5,TPHSA,0.911,True
conventional24,GFPxm162,63,T,editable,63,none,8,TSAVQCLN,0.914,True
conventional24,GFPxm162,64,L,editable,64,none,5,FLIMC,0.936,True
conventional24,GFPxm162,65,G,editable,65,none,9,QGMSTACWH,0.919,True
conventional24,GFPxm162,66,Y,editable,66,aromatic,1,Y,0.911,True
conventional24,GFPxm162,67,G,fixed,67,fixed,1,G,0.998,True
conventional24,GFPxm162,68,I,editable,68,none,7,NSFVAME,0.912,False
conventional24,GFPxm162,69,Q,editable,69,none,6,RKQYHP,0.917,True
conventional24,GFPxm162,92,Y,editable,92,none,4,YFML,0.942,True
conventional24,GFPxm162,94,Q,editable,94,hbond,6,WQYNVT,0.916,True
conventional24,GFPxm162,96,R,fixed,96,fixed,1,R,0.991,True
conventional24,GFPxm162,112,V,editable,112,none,5,IVYTS,0.956,True
conventional24,GFPxm162,121,N,editable,121,none,5,YNHGS,0.941,True
conventional24,GFPxm162,145,F,editable,145,none,8,EDLFYNCS,0.922,True
conventional24,GFPxm162,146,N,editable,146,none,6,PANWKT,0.922,True
conventional24,GFPxm162,147,S,editable,147,none,5,SNTCP,0.904,True
conventional24,GFPxm162,148,H,editable,148,none,8,THVESCFQ,0.922,True
conventional24,GFPxm162,150,V,editable,150,none,9,KVRTHILMQ,0.942,True
conventional24,GFPxm162,165,F,editable,165,none,8,VFIYSCAN,0.912,True
conventional24,GFPxm162,167,I,editable,167,none,11,MILWKRVQTAE,0.916,True
conventional24,GFPxm162,203,F,editable,203,none,7,HRTIYEK,0.902,False
conventional24,GFPxm162,205,T,editable,205,none,6,LISTVN,0.906,True
conventional24,GFPxm162,220,F,editable,220,none,4,LQIV,0.915,False
conventional24,GFPxm162,222,E,fixed,222,fixed,1,E,0.946,True
conventional24,mCerulean2.D3,43,L,editable,42,none,6,QLFHIM,0.905,True
conventional24,mCerulean2.D3,45,L,editable,44,none,8,LMAIVGNS,0.938,True
conventional24,mCerulean2.D3,47,F,editable,46,none,6,LFIMAY,0.97,True
conventional24,mCerulean2.D3,61,L,editable,60,none,2,LI,0.952,True
conventional24,mCerulean2.D3,62,V,editable,61,none,7,SVTAGMI,0.936,True
conventional24,mCerulean2.D3,63,T,editable,62,none,5,TPHSA,0.911,True
conventional24,mCerulean2.D3,64,T,editable,63,none,8,TSAVQCLN,0.914,True
conventional24,mCerulean2.D3,65,L,editable,64,none,5,FLIMC,0.936,True
conventional24,mCerulean2.D3,66,T,editable,65,none,9,QGMSTACWH,0.919,True
conventional24,mCerulean2.D3,67,W,editable,66,aromatic,1,Y,0.911,False
conventional24,mCerulean2.D3,68,G,fixed,67,fixed,1,G,0.998,True
conventional24,mCerulean2.D3,69,V,editable,68,none,7,NSFVAME,0.912,True
conventional24,mCerulean2.D3,70,Q,editable,69,none,6,RKQYHP,0.917,True
conventional24,mCerulean2.D3,93,Y,editable,92,none,4,YFML,0.942,True
conventional24,mCerulean2.D3,95,Q,editable,94,hbond,6,WQYNVT,0.916,True
conventional24,mCerulean2.D3,97,R,fixed,96,fixed,1,R,0.991,True
conventional24,mCerulean2.D3,113,V,editable,112,none,5,IVYTS,0.956,True
conventional24,mCerulean2.D3,122,N,editable,121,none,5,YNHGS,0.941,True
conventional24,mCerulean2.D3,147,F,editable,146,none,6,PANWKT,0.922,False
conventional24,mCerulean2.D3,148,H,editable,147,none,5,SNTCP,0.904,False
conventional24,mCerulean2.D3,149,G,editable,148,none,8,THVESCFQ,0.922,False
conventional24,mCerulean2.D3,150,N,editable,149,none,7,ENVTDSC,0.931,True
conventional24,mCerulean2.D3,151,V,editable,150,none,9,KVRTHILMQ,0.942,True
conventional24,mCerulean2.D3,166,F,editable,165,none,8,VFIYSCAN,0.912,True
conventional24,mCerulean2.D3,168,L,editable,167,none,11,MILWKRVQTAE,0.916,True
conventional24,mCerulean2.D3,204,T,editable,203,none,7,HRTIYEK,0.902,True
conventional24,mCerulean2.D3,206,S,editable,205,hbond,6,LISTVN,0.906,True
conventional24,mCerulean2.D3,221,L,editable,220,none,4,LQIV,0.915,True
conventional24,mCerulean2.D3,223,E,fixed,222,fixed,1,E,0.946,True
conventional24,htFuncLib_sf:mid.9,52,L,editable,42,none,6,QLFHIM,0.905,True
conventional24,htFuncLib_sf:mid.9,54,L,editable,44,none,8,LMAIVGNS,0.938,True
conventional24,htFuncLib_sf:mid.9,56,F,editable,46,none,6,LFIMAY,0.97,True
conventional24,htFuncLib_sf:mid.9,70,L,editable,60,none,2,LI,0.952,True
conventional24,htFuncLib_sf:mid.9,71,V,editable,61,none,7,SVTAGMI,0.936,True
conventional24,htFuncLib_sf:mid.9,72,T,editable,62,none,5,TPHSA,0.911,True
conventional24,htFuncLib_sf:mid.9,73,T,editable,63,none,8,TSAVQCLN,0.914,True
conventional24,htFuncLib_sf:mid.9,74,L,editable,64,none,5,FLIMC,0.936,True
conventional24,htFuncLib_sf:mid.9,75,T,editable,65,none,9,QGMSTACWH,0.919,True
conventional24,htFuncLib_sf:mid.9,76,Y,editable,66,aromatic,1,Y,0.911,True
conventional24,htFuncLib_sf:mid.9,77,G,fixed,67,fixed,1,G,0.998,True
conventional24,htFuncLib_sf:mid.9,78,V,editable,68,none,7,NSFVAME,0.912,True
conventional24,htFuncLib_sf:mid.9,79,Q,editable,69,none,6,RKQYHP,0.917,True
conventional24,htFuncLib_sf:mid.9,102,Y,editable,92,none,4,YFML,0.942,True
conventional24,htFuncLib_sf:mid.9,104,Q,editable,94,hbond,6,WQYNVT,0.916,True
conventional24,htFuncLib_sf:mid.9,106,R,fixed,96,fixed,1,R,0.991,True
conventional24,htFuncLib_sf:mid.9,122,V,editable,112,none,5,IVYTS,0.956,True
conventional24,htFuncLib_sf:mid.9,131,N,editable,121,none,5,YNHGS,0.941,True
conventional24,htFuncLib_sf:mid.9,155,F,editable,145,none,8,EDLFYNCS,0.922,True
conventional24,htFuncLib_sf:mid.9,156,N,editable,146,none,6,PANWKT,0.922,True
conventional24,htFuncLib_sf:mid.9,158,H,editable,148,hbond,8,THVESCFQ,0.922,True
conventional24,htFuncLib_sf:mid.9,160,V,editable,150,none,9,KVRTHILMQ,0.942,True
conventional24,htFuncLib_sf:mid.9,175,F,editable,165,none,8,VFIYSCAN,0.912,True
conventional24,htFuncLib_sf:mid.9,177,V,editable,167,none,11,MILWKRVQTAE,0.916,True
conventional24,htFuncLib_sf:mid.9,193,Q,editable,183,none,5,KQRTD,0.903,True
conventional24,htFuncLib_sf:mid.9,213,T,editable,203,none,7,HRTIYEK,0.902,True
conventional24,htFuncLib_sf:mid.9,215,S,editable,205,none,6,LISTVN,0.906,True
conventional24,htFuncLib_sf:mid.9,230,V,editable,220,none,4,LQIV,0.915,True
conventional24,htFuncLib_sf:mid.9,232,E,fixed,222,fixed,1,E,0.946,True
conventional24,W1C,42,L,editable,42,none,6,QLFHIM,0.905,True
conventional24,W1C,44,L,editable,44,none,8,LMAIVGNS,0.938,True
conventional24,W1C,46,F,editable,46,none,6,LFIMAY,0.97,True
conventional24,W1C,60,L,editable,60,none,2,LI,0.952,True
conventional24,W1C,61,V,editable,61,none,7,SVTAGMI,0.936,True
conventional24,W1C,62,T,editable,62,none,5,TPHSA,0.911,True
conventional24,W1C,63,T,editable,63,none,8,TSAVQCLN,0.914,True
conventional24,W1C,64,F,editable,64,none,5,FLIMC,0.936,True
conventional24,W1C,65,A,editable,65,none,9,QGMSTACWH,0.919,True
conventional24,W1C,66,W,editable,66,aromatic,1,Y,0.911,False
conventional24,W1C,67,G,fixed,67,fixed,1,G,0.998,True
conventional24,W1C,68,V,editable,68,none,7,NSFVAME,0.912,True
conventional24,W1C,69,Q,editable,69,none,6,RKQYHP,0.917,True
conventional24,W1C,92,Y,editable,92,none,4,YFML,0.942,True
conventional24,W1C,94,Q,editable,94,hbond,6,WQYNVT,0.916,True
conventional24,W1C,96,R,fixed,96,fixed,1,R,0.991,True
conventional24,W1C,112,V,editable,112,none,5,IVYTS,0.956,True
conventional24,W1C,121,N,editable,121,none,5,YNHGS,0.941,True
conventional24,W1C,146,I,editable,146,none,6,PANWKT,0.922,False
conventional24,W1C,147,S,editable,147,none,5,SNTCP,0.904,True
conventional24,W1C,148,H,editable,148,none,8,THVESCFQ,0.922,True
conventional24,W1C,150,V,editable,150,none,9,KVRTHILMQ,0.942,True
conventional24,W1C,165,F,editable,165,none,8,VFIYSCAN,0.912,True
conventional24,W1C,167,I,editable,167,none,11,MILWKRVQTAE,0.916,True
conventional24,W1C,203,T,editable,203,none,7,HRTIYEK,0.902,True
conventional24,W1C,205,S,editable,205,hbond,6,LISTVN,0.906,True
conventional24,W1C,220,L,editable,220,none,4,LQIV,0.915,True
conventional24,W1C,222,E,fixed,222,fixed,1,E,0.946,True
EGFP,EGFP,43,L,editable,42,none,6,QLFHIM,0.905,True
EGFP,EGFP,45,L,editable,44,none,8,LMAIVGNS,0.938,True
EGFP,EGFP,47,F,editable,46,none,6,LFIMAY,0.97,True
EGFP,EGFP,61,L,editable,60,none,2,LI,0.952,True
EGFP,EGFP,62,V,editable,61,none,7,SVTAGMI,0.936,True
EGFP,EGFP,63,T,editable,62,none,5,TPHSA,0.911,True
EGFP,EGFP,64,T,editable,63,none,8,TSAVQCLN,0.914,True
EGFP,EGFP,65,L,editable,64,none,5,FLIMC,0.936,True
EGFP,EGFP,66,T,editable,65,none,9,QGMSTACWH,0.919,True
EGFP,EGFP,67,Y,editable,66,aromatic,1,Y,0.911,True
EGFP,EGFP,68,G,fixed,67,fixed,1,G,0.998,True
EGFP,EGFP,69,V,editable,68,none,7,NSFVAME,0.912,True
EGFP,EGFP,70,Q,editable,69,none,6,RKQYHP,0.917,True
EGFP,EGFP,93,Y,editable,92,none,4,YFML,0.942,True
EGFP,EGFP,95,Q,editable,94,hbond,6,WQYNVT,0.916,True
EGFP,EGFP,97,R,fixed,96,fixed,1,R,0.991,True
EGFP,EGFP,113,V,editable,112,none,5,IVYTS,0.956,True
EGFP,EGFP,122,N,editable,121,none,5,YNHGS,0.941,True
EGFP,EGFP,146,Y,editable,145,none,8,EDLFYNCS,0.922,True
EGFP,EGFP,147,N,editable,146,none,6,PANWKT,0.922,True
EGFP,EGFP,149,H,editable,148,hbond,8,THVESCFQ,0.922,True
EGFP,EGFP,151,V,editable,150,none,9,KVRTHILMQ,0.942,True
EGFP,EGFP,166,F,editable,165,none,8,VFIYSCAN,0.912,True
EGFP,EGFP,168,I,editable,167,none,11,MILWKRVQTAE,0.916,True
EGFP,EGFP,204,T,editable,203,hbond,7,HRTIYEK,0.902,True
EGFP,EGFP,206,S,editable,205,none,6,LISTVN,0.906,True
EGFP,EGFP,221,L,editable,220,none,4,LQIV,0.915,True
EGFP,EGFP,223,E,fixed,222,fixed,1,E,0.946,True
avGFP,avGFP,42,L,editable,42,none,6,QLFHIM,0.905,True
avGFP,avGFP,44,L,editable,44,none,8,LMAIVGNS,0.938,True
avGFP,avGFP,60,L,editable,60,none,2,LI,0.952,True
avGFP,avGFP,61,V,editable,61,none,7,SVTAGMI,0.936,True
avGFP,avGFP,62,T,editable,62,none,5,TPHSA,0.911,True
avGFP,avGFP,63,T,editable,63,none,8,TSAVQCLN,0.914,True
avGFP,avGFP,64,F,editable,64,none,5,FLIMC,0.936,True
avGFP,avGFP,65,S,editable,65,none,9,QGMSTACWH,0.919,True
avGFP,avGFP,66,Y,editable,66,aromatic,1,Y,0.911,True
avGFP,avGFP,67,G,fixed,67,fixed,1,G,0.998,True
avGFP,avGFP,68,V,editable,68,none,7,NSFVAME,0.912,True
avGFP,avGFP,69,Q,editable,69,none,6,RKQYHP,0.917,True
avGFP,avGFP,92,Y,editable,92,none,4,YFML,0.942,True
avGFP,avGFP,94,Q,editable,94,hbond,6,WQYNVT,0.916,True
avGFP,avGFP,96,R,fixed,96,fixed,1,R,0.991,True
avGFP,avGFP,112,V,editable,112,none,5,IVYTS,0.956,True
avGFP,avGFP,121,N,editable,121,none,5,YNHGS,0.941,True
avGFP,avGFP,145,Y,editable,145,none,8,EDLFYNCS,0.922,True
avGFP,avGFP,146,N,editable,146,none,6,PANWKT,0.922,True
avGFP,avGFP,148,H,editable,148,hbond,8,THVESCFQ,0.922,True
avGFP,avGFP,150,V,editable,150,none,9,KVRTHILMQ,0.942,True
avGFP,avGFP,165,F,editable,165,none,8,VFIYSCAN,0.912,True
avGFP,avGFP,167,I,editable,167,none,11,MILWKRVQTAE,0.916,True
avGFP,avGFP,183,Q,editable,183,none,5,KQRTD,0.903,True
avGFP,avGFP,203,T,editable,203,none,7,HRTIYEK,0.902,True
avGFP,avGFP,205,S,editable,205,none,6,LISTVN,0.906,True
avGFP,avGFP,220,L,editable,220,none,4,LQIV,0.915,True
avGFP,avGFP,222,E,fixed,222,fixed,1,E,0.946,True
